{"train": [0.42188375692526686, 0.4044683758413824, 0.39219869658682766, 0.3901011571781439, 0.3848704691590554, 0.3797801623220119, 0.37699353470155, 0.37398703364506974, 0.3656447565116156, 0.3639936255903179, 0.36232279839313325, 0.36359847291469954, 0.359762173914497, 0.3586161162721876, 0.35656968521724014, 0.35699297985140976, 0.3504624441400895, 0.3513514515166286, 0.3504553180473981, 0.3495248064563401, 0.34861599362474427, 0.34968227212275393, 0.34626791180027383], "val": [0.39976559835030945, 0.377246692731428, 0.37841539070035113, 0.36692424919986427, 0.37577593730270037, 0.36427666050591606, 0.38510215438468864, 0.3655590698936419, 0.37513192717552, 0.36011028262409683, 0.3582995412582713, 0.35625940915013826, 0.34639939285945676, 0.3492218311841794, 0.35278177032509855, 0.3543806613686444, 0.35330416950571875, 0.3407388872291174, 0.34443777914017654, 0.3461452350966678, 0.34748984979303843, 0.34600500709427934, 0.34484523971508496]}